filename,error
YWVIggbgTwAs_30.000_40.000.wav,[0;31mERROR:[0m WVIggbgTwAs: YouTube said: This video is unavailable.
YXm9Tk2TcPmw_300.000_310.000.wav,[0;31mERROR:[0m Xm9Tk2TcPmw: YouTube said: This video is unavailable.
YYeqfuwiHApQ_110.000_120.000.wav,[0;31mERROR:[0m YeqfuwiHApQ: YouTube said: This video is unavailable.
Y_SJ4sKIwTF8_10.000_20.000.wav,[0;31mERROR:[0m _SJ4sKIwTF8: YouTube said: This video is unavailable.
YbBE8niE72BY_150.000_160.000.wav,[0;31mERROR:[0m bBE8niE72BY: YouTube said: This video is unavailable.
YcNuU6wfW9aA_10.000_20.000.wav,[0;31mERROR:[0m cNuU6wfW9aA: YouTube said: This video has been removed for violating YouTube's policy on harmful or dangerous content.
YdqPrhoxtRLY_30.000_40.000.wav,[0;31mERROR:[0m dqPrhoxtRLY: YouTube said: This video is unavailable.
YgQTR4eoFp9Q_290.000_300.000.wav,"[0;31mERROR:[0m gQTR4eoFp9Q: YouTube said: This video contains content from Warner Chappell, who has blocked it on copyright grounds."
YjeH9lAJmPAY_250.000_260.000.wav,[0;31mERROR:[0m jeH9lAJmPAY: YouTube said: This video is unavailable.
Ymhjz0YxVGKE_160.000_170.000.wav,[0;31mERROR:[0m mhjz0YxVGKE: YouTube said: This video is unavailable.
Y6CDPqwEO6us_30.000_40.000.wav,[0;31mERROR:[0m 6CDPqwEO6us: YouTube said: This video is unavailable.
Y6W_hEUj-_U8_450.000_460.000.wav,[0;31mERROR:[0m 6W_hEUj-_U8: YouTube said: This video is unavailable.
Y7A9MVG_nJDM_100.000_110.000.wav,[0;31mERROR:[0m 7A9MVG_nJDM: YouTube said: This video is unavailable.
Y9C8_1UneRAQ_270.000_280.000.wav,[0;31mERROR:[0m 9C8_1UneRAQ: YouTube said: This video is unavailable.
YCATeBgH8jSA_150.000_160.000.wav,[0;31mERROR:[0m CATeBgH8jSA: YouTube said: This video is unavailable.
YGtdzwcuF2aQ_60.000_70.000.wav,[0;31mERROR:[0m GtdzwcuF2aQ: YouTube said: This video is no longer available because the YouTube account associated with this video has been terminated.
YKyUvT_UNEhI_30.000_40.000.wav,[0;31mERROR:[0m KyUvT_UNEhI: YouTube said: This video is no longer available because the YouTube account associated with this video has been terminated.
YRwf_dYDE8vw_60.000_70.000.wav,[0;31mERROR:[0m Rwf_dYDE8vw: YouTube said: This video is unavailable.
YSFMpt363Vjc_200.000_210.000.wav,[0;31mERROR:[0m SFMpt363Vjc: YouTube said: This video is unavailable.
YU8IoSn1SEiE_40.000_50.000.wav,[0;31mERROR:[0m U8IoSn1SEiE: YouTube said: This video is unavailable.
Y-y0bmymI4gg_30.000_40.000.wav,[0;31mERROR:[0m -y0bmymI4gg: YouTube said: This video has been removed by the user.
Y2P3Ljp5DLBM_30.000_40.000.wav,[0;31mERROR:[0m 2P3Ljp5DLBM: YouTube said: This video has been removed by the user.
Y3cYp8wYJ82E_30.000_40.000.wav,[0;31mERROR:[0m 3cYp8wYJ82E: YouTube said: This video contains content from goodwillplaid. It is not available in your country.
Y50De20Tk-f8_30.000_40.000.wav,[0;31mERROR:[0m 50De20Tk-f8: YouTube said: This video is no longer available because the uploader has closed their YouTube account.
YB94gmaO5zSY_40.000_50.000.wav,[0;31mERROR:[0m B94gmaO5zSY: YouTube said: This video contains content from ShallAdoreCats. It is not available in your country.
YHCz9FsQiX_A_10.000_20.000.wav,[0;31mERROR:[0m HCz9FsQiX_A: YouTube said: This video contains content from TOMATO1969. It is not available in your country.
YM4RRSUuUHOo_30.000_40.000.wav,[0;31mERROR:[0m M4RRSUuUHOo: YouTube said: This video contains content from mirrorzFX. It is not available in your country.
YMajSVpkhOlo_30.000_40.000.wav,[0;31mERROR:[0m MajSVpkhOlo: YouTube said: This video contains content from TheGameTrail. It is not available in your country.
Y5zxeuf-g8_s_170.000_180.000.wav,[0;31mERROR:[0m 5zxeuf-g8_s: YouTube said: This video is unavailable.
Y64hL0FkFYoQ_80.000_90.000.wav,[0;31mERROR:[0m 64hL0FkFYoQ: YouTube said: This video is unavailable.
YqdjBrOy_aFU_210.000_220.000.wav,[0;31mERROR:[0m qdjBrOy_aFU: YouTube said: This video is unavailable.
Yrxg1u31seic_12.000_22.000.wav,[0;31mERROR:[0m rxg1u31seic: YouTube said: This video is no longer available because the YouTube account associated with this video has been terminated.
YsCI2MMIly68_200.000_210.000.wav,[0;31mERROR:[0m sCI2MMIly68: YouTube said: This video contains content from goodwillplaid. It is not available in your country.
YtIlh51uLOMQ_0.000_7.000.wav,[0;31mERROR:[0m tIlh51uLOMQ: YouTube said: This video is unavailable.
Yxzl6gVcytdo_270.000_280.000.wav,[0;31mERROR:[0m xzl6gVcytdo: YouTube said: This video is unavailable.
Yyz35PqL0p-I_410.000_420.000.wav,[0;31mERROR:[0m yz35PqL0p-I: YouTube said: This video contains content from IndianChefShaan. It is not available in your country.
Y09x-xol9UY0_240.000_250.000.wav,[0;31mERROR:[0m 09x-xol9UY0: YouTube said: This video is no longer available because the YouTube account associated with this video has been terminated.
Y0hLWdwwDktc_360.000_370.000.wav,[0;31mERROR:[0m 0hLWdwwDktc: YouTube said: This video is unavailable.
YBsaGl9FlQWw_60.000_70.000.wav,[0;31mERROR:[0m BsaGl9FlQWw: YouTube said: This video is unavailable.
YCemgasII0jA_120.000_130.000.wav,[0;31mERROR:[0m CemgasII0jA: YouTube said: This video is unavailable.
Yk21ZMxboZP0_550.000_560.000.wav,[0;31mERROR:[0m k21ZMxboZP0: YouTube said: This video is unavailable.
YkDmmJs9yTjk_30.000_40.000.wav,[0;31mERROR:[0m kDmmJs9yTjk: YouTube said: This video is unavailable.
Yn-V9PgoxxRI_30.000_40.000.wav,[0;31mERROR:[0m n-V9PgoxxRI: YouTube said: This video is unavailable.
YsqDPMtvxl2Y_80.000_90.000.wav,[0;31mERROR:[0m sqDPMtvxl2Y: YouTube said: This video is unavailable.
YuopFLZcZCws_10.000_20.000.wav,[0;31mERROR:[0m uopFLZcZCws: YouTube said: This video has been removed by the user.
Yv8tFrkd4_MQ_240.000_250.000.wav,"[0;31mERROR:[0m v8tFrkd4_MQ: YouTube said: ""Gordon.Ramsays.Home.Cooking..."" The YouTube account associated with this video has been terminated due to multiple third-party notifications of copyright infringement."
YxTv2oG-X8hw_500.000_510.000.wav,[0;31mERROR:[0m xTv2oG-X8hw: YouTube said: The uploader has not made this video available in your country.
Y--GvdHSAsBs_20.000_30.000.wav,[0;31mERROR:[0m --GvdHSAsBs: YouTube said: This video has been removed for violating YouTube's Terms of Service.
Y75vwk1AunM8_66.000_76.000.wav,[0;31mERROR:[0m 75vwk1AunM8: YouTube said: This video is unavailable.
YFW558yRZLg0_250.000_260.000.wav,[0;31mERROR:[0m FW558yRZLg0: YouTube said: This video is unavailable.
YCjFjPyrFk3Y_60.000_70.000.wav,[0;31mERROR:[0m CjFjPyrFk3Y: YouTube said: This video is unavailable.
YFvH7NNDPOjE_340.000_350.000.wav,[0;31mERROR:[0m FvH7NNDPOjE: YouTube said: This video contains content from Starindia. It is not available in your country.
YLVZd1I3pOWo_30.000_40.000.wav,[0;31mERROR:[0m LVZd1I3pOWo: YouTube said: This video is unavailable.
YMuzWH9rJjDw_220.000_230.000.wav,"[0;31mERROR:[0m MuzWH9rJjDw: YouTube said: This video contains content from WMG, who has blocked it in your country on copyright grounds."
YO3-aBl11POg_130.000_140.000.wav,[0;31mERROR:[0m O3-aBl11POg: YouTube said: This video contains content from theoriginaltyler. It is not available in your country.
YOLPTQpyOWMc_30.000_40.000.wav,[0;31mERROR:[0m OLPTQpyOWMc: YouTube said: This video is unavailable.
YQ6w-ktXcVvY_0.000_10.000.wav,"[0;31mERROR:[0m Q6w-ktXcVvY: YouTube said: This video has been removed for violating YouTube's policy on spam, deceptive practices, and scams."
YW9BfYcwNgLQ_70.000_80.000.wav,[0;31mERROR:[0m W9BfYcwNgLQ: YouTube said: This video contains content from stephanelecuyer. It is not available in your country.
Y_5Sv541tbps_30.000_40.000.wav,[0;31mERROR:[0m _5Sv541tbps: YouTube said: This video is no longer available because the YouTube account associated with this video has been terminated.
YsONkyOJaTxg_120.000_130.000.wav,[0;31mERROR:[0m sONkyOJaTxg: YouTube said: This video is unavailable.
YuFUWTIdOoKw_0.000_10.000.wav,[0;31mERROR:[0m uFUWTIdOoKw: YouTube said: This video is unavailable.
Y-QkPyszO1Ow_540.000_550.000.wav,[0;31mERROR:[0m -QkPyszO1Ow: YouTube said: This video is unavailable.
Y-W46mgzmfk0_20.000_30.000.wav,[0;31mERROR:[0m -W46mgzmfk0: YouTube said: This video has been removed by the user.
Y-p2OLeevNRU_220.000_230.000.wav,[0;31mERROR:[0m -p2OLeevNRU: YouTube said: This video is unavailable.
Y3OYHNeg-UNI_340.000_350.000.wav,[0;31mERROR:[0m 3OYHNeg-UNI: YouTube said: This video is unavailable.
Y410wb_BB3Dw_40.000_50.000.wav,[0;31mERROR:[0m 410wb_BB3Dw: YouTube said: This video is unavailable.
Y4jy9zf1bIYc_90.000_100.000.wav,[0;31mERROR:[0m 4jy9zf1bIYc: YouTube said: This video is unavailable.
Y5ZT5ZJlfBNs_0.000_10.000.wav,[0;31mERROR:[0m 5ZT5ZJlfBNs: YouTube said: This video is unavailable.
Y6Mp8W4JTyNs_0.000_10.000.wav,[0;31mERROR:[0m 6Mp8W4JTyNs: YouTube said: This video is unavailable.
YKZbNf2vkDuA_220.000_230.000.wav,[0;31mERROR:[0m KZbNf2vkDuA: YouTube said: This video is unavailable.
YN8PYAIvohbc_180.000_190.000.wav,[0;31mERROR:[0m N8PYAIvohbc: YouTube said: This video is unavailable.
YNpDd1t0wK7E_50.000_60.000.wav,[0;31mERROR:[0m NpDd1t0wK7E: YouTube said: This video is unavailable.
YZ8IgcNa8bVw_280.000_290.000.wav,[0;31mERROR:[0m Z8IgcNa8bVw: YouTube said: This video is no longer available because the YouTube account associated with this video has been terminated.
Y_QdInjdBSKQ_230.000_240.000.wav,[0;31mERROR:[0m _QdInjdBSKQ: YouTube said: This video is no longer available because the YouTube account associated with this video has been terminated.
YeOlm4UFPw-E_21.000_31.000.wav,[0;31mERROR:[0m eOlm4UFPw-E: YouTube said: This video is unavailable.
Yezw40gd3Mb4_30.000_40.000.wav,[0;31mERROR:[0m ezw40gd3Mb4: YouTube said: This video is unavailable.
YpPQEUBfF-wE_60.000_70.000.wav,"[0;31mERROR:[0m pPQEUBfF-wE: YouTube said: This video contains content from WMG, who has blocked it in your country on copyright grounds."
YrtgfqQ02QG0_230.000_240.000.wav,[0;31mERROR:[0m rtgfqQ02QG0: YouTube said: This video is unavailable.
Ys5H8jb4M7P0_170.000_180.000.wav,[0;31mERROR:[0m s5H8jb4M7P0: YouTube said: This video is no longer available because the YouTube account associated with this video has been terminated.
Y6f3fRtY54LA_30.000_40.000.wav,"[0;31mERROR:[0m 6f3fRtY54LA: YouTube said: ""Sound Horizo..."" The YouTube account associated with this video has been terminated due to multiple third-party notifications of copyright infringement."
Y7MeL9FxsMV0_90.000_100.000.wav,[0;31mERROR:[0m 7MeL9FxsMV0: YouTube said: This video is unavailable.
YAvDA7kpW0cg_50.000_60.000.wav,[0;31mERROR:[0m AvDA7kpW0cg: YouTube said: This video is unavailable.
YB284xSlU-3A_370.000_380.000.wav,[0;31mERROR:[0m B284xSlU-3A: YouTube said: This video is unavailable.
YBmDs7d5Jw08_160.000_170.000.wav,[0;31mERROR:[0m BmDs7d5Jw08: YouTube said: This video is unavailable.
YCBCKdbtTgnU_310.000_320.000.wav,[0;31mERROR:[0m CBCKdbtTgnU: YouTube said: This video is unavailable.
YCcgqhREvkDI_10.000_20.000.wav,[0;31mERROR:[0m CcgqhREvkDI: YouTube said: This video is unavailable.
YCeIYwLFxJes_200.000_210.000.wav,[0;31mERROR:[0m CeIYwLFxJes: YouTube said: This video is unavailable.
YCf8_o1p8aRk_170.000_180.000.wav,[0;31mERROR:[0m Cf8_o1p8aRk: YouTube said: This video is unavailable.
YDFVuh1KvG78_400.000_410.000.wav,[0;31mERROR:[0m DFVuh1KvG78: YouTube said: This video is unavailable.
YDUwo0krAdbs_50.000_60.000.wav,[0;31mERROR:[0m DUwo0krAdbs: YouTube said: This video has been removed for violating YouTube's policy on nudity or sexual content.
YECusEY5Emo4_130.000_140.000.wav,[0;31mERROR:[0m ECusEY5Emo4: YouTube said: This video is unavailable.
YELuCjoFFHds_50.000_60.000.wav,[0;31mERROR:[0m ELuCjoFFHds: YouTube said: This video is unavailable.
YES8lAqq8cSg_270.000_280.000.wav,[0;31mERROR:[0m ES8lAqq8cSg: YouTube said: This video is unavailable.
YGfL1en2SpjA_20.000_30.000.wav,[0;31mERROR:[0m GfL1en2SpjA: YouTube said: This video is unavailable.
YHIyF8UI7YcA_130.000_140.000.wav,[0;31mERROR:[0m HIyF8UI7YcA: YouTube said: This video is unavailable.
YJ--dywoEmY8_310.000_320.000.wav,[0;31mERROR:[0m J--dywoEmY8: YouTube said: This video is unavailable.
YJ4Yw1A3b45Y_340.000_350.000.wav,[0;31mERROR:[0m J4Yw1A3b45Y: YouTube said: This video is unavailable.
YJqFsEpIt0oM_150.000_160.000.wav,[0;31mERROR:[0m JqFsEpIt0oM: YouTube said: This video is unavailable.
YL3lDi1AGKow_30.000_40.000.wav,[0;31mERROR:[0m L3lDi1AGKow: YouTube said: This video contains content from ThePowerHDTV. It is not available in your country.
YM3UfEbPkrbc_130.000_140.000.wav,[0;31mERROR:[0m M3UfEbPkrbc: YouTube said: This video is unavailable.
YMTBA1zWBwYk_200.000_210.000.wav,[0;31mERROR:[0m MTBA1zWBwYk: YouTube said: This video is unavailable.
YMbduGYHK0Yw_70.000_80.000.wav,[0;31mERROR:[0m MbduGYHK0Yw: YouTube said: This video is no longer available because the YouTube account associated with this video has been terminated.
YMnWN4_hpkMQ_120.000_130.000.wav,[0;31mERROR:[0m MnWN4_hpkMQ: YouTube said: This video is unavailable.
YMq06zLYaVn8_400.000_410.000.wav,[0;31mERROR:[0m Mq06zLYaVn8: YouTube said: This video is unavailable.
YNK0x0dTBPi8_440.000_450.000.wav,[0;31mERROR:[0m NK0x0dTBPi8: YouTube said: This video is unavailable.
YNmmfbzmsrIU_100.000_110.000.wav,[0;31mERROR:[0m NmmfbzmsrIU: YouTube said: This video is unavailable.
YNroHDGonjG0_40.000_50.000.wav,[0;31mERROR:[0m NroHDGonjG0: YouTube said: This video is unavailable.
YOQL0a7HKroA_40.000_50.000.wav,[0;31mERROR:[0m OQL0a7HKroA: YouTube said: This video is unavailable.
YOTWZUdzYuSA_80.000_90.000.wav,[0;31mERROR:[0m OTWZUdzYuSA: YouTube said: This video is unavailable.
YQ8M7qBsL-Is_50.000_60.000.wav,[0;31mERROR:[0m Q8M7qBsL-Is: YouTube said: This video is unavailable.
YQMhSdItaY10_60.000_70.000.wav,[0;31mERROR:[0m QMhSdItaY10: YouTube said: This video is unavailable.
YQrMp9_fUND4_250.000_260.000.wav,[0;31mERROR:[0m QrMp9_fUND4: YouTube said: This video is unavailable.
YR2H2xVVjmD0_450.000_460.000.wav,"[0;31mERROR:[0m R2H2xVVjmD0: YouTube said: This video contains content from BBTV_Fremantle, who has blocked it in your country on copyright grounds."
YRFoZchyu208_270.000_280.000.wav,[0;31mERROR:[0m RFoZchyu208: YouTube said: This video is unavailable.
YRGT2asxKz3I_10.000_20.000.wav,[0;31mERROR:[0m RGT2asxKz3I: YouTube said: This video is unavailable.
YRIck1O3XaeI_40.000_50.000.wav,[0;31mERROR:[0m RIck1O3XaeI: YouTube said: This video is unavailable.
YRNLxJGbEiio_500.000_510.000.wav,[0;31mERROR:[0m RNLxJGbEiio: YouTube said: This video is unavailable.
YRsbryvgMFoI_50.000_60.000.wav,[0;31mERROR:[0m RsbryvgMFoI: YouTube said: This video is unavailable.
YUMqwg_Uyisk_0.000_4.000.wav,[0;31mERROR:[0m UMqwg_Uyisk: YouTube said: This video is unavailable.
YUT6-PQ5lx20_20.000_30.000.wav,[0;31mERROR:[0m UT6-PQ5lx20: YouTube said: This video is unavailable.
YUuAzHimi2eE_270.000_280.000.wav,[0;31mERROR:[0m UuAzHimi2eE: YouTube said: This video is unavailable.
YWg2iLgFdceA_60.000_70.000.wav,[0;31mERROR:[0m Wg2iLgFdceA: YouTube said: This video is unavailable.
YYGlE7XB1NqU_100.000_110.000.wav,[0;31mERROR:[0m YGlE7XB1NqU: YouTube said: This video is unavailable.
YYNNKHkW9FMM_0.000_10.000.wav,[0;31mERROR:[0m YNNKHkW9FMM: YouTube said: This video is unavailable.
YZ0dtgPV-3_o_80.000_90.000.wav,[0;31mERROR:[0m Z0dtgPV-3_o: YouTube said: This video is unavailable.
YZLvgGNzcPlQ_90.000_100.000.wav,[0;31mERROR:[0m ZLvgGNzcPlQ: YouTube said: This video is unavailable.
YZXHChyPqmy8_0.000_10.000.wav,[0;31mERROR:[0m ZXHChyPqmy8: YouTube said: This video is unavailable.
YZxPHfx6Vfl0_20.000_30.000.wav,[0;31mERROR:[0m ZxPHfx6Vfl0: YouTube said: This video is unavailable.
Y_OHxsyHMsis_40.000_50.000.wav,[0;31mERROR:[0m _OHxsyHMsis: YouTube said: This video is unavailable.
Y_gVL4ekJin0_90.000_100.000.wav,[0;31mERROR:[0m _gVL4ekJin0: YouTube said: This video is unavailable.
YaNcLj9ETjsY_360.000_370.000.wav,[0;31mERROR:[0m aNcLj9ETjsY: YouTube said: This video contains content from lliizzaarrddss. It is not available in your country.
Yc-DXBryM1-U_180.000_190.000.wav,[0;31mERROR:[0m c-DXBryM1-U: YouTube said: This video is unavailable.
Yd9MimYchR_Y_40.000_50.000.wav,[0;31mERROR:[0m d9MimYchR_Y: YouTube said: This video is unavailable.
YdO-9uemLlnY_10.000_20.000.wav,[0;31mERROR:[0m dO-9uemLlnY: YouTube said: This video is unavailable.
YdYvmwc4NprM_20.000_30.000.wav,[0;31mERROR:[0m dYvmwc4NprM: YouTube said: This video is unavailable.
YeX4WSAcdXHk_20.000_30.000.wav,[0;31mERROR:[0m eX4WSAcdXHk: YouTube said: This video is unavailable.
YfXtVjekjNO4_340.000_350.000.wav,[0;31mERROR:[0m fXtVjekjNO4: YouTube said: This video is unavailable.
YfsEYSOlz2iY_120.000_130.000.wav,[0;31mERROR:[0m fsEYSOlz2iY: YouTube said: This video is unavailable.
YgBiNWjU9fgE_280.000_290.000.wav,[0;31mERROR:[0m gBiNWjU9fgE: YouTube said: This video is unavailable.
Yg_ladAzTGKg_210.000_220.000.wav,[0;31mERROR:[0m g_ladAzTGKg: YouTube said: This video is unavailable.
Yh1jk6zP3fkU_130.000_140.000.wav,[0;31mERROR:[0m h1jk6zP3fkU: YouTube said: This video is unavailable.
Yh8wOlsastqY_150.000_160.000.wav,[0;31mERROR:[0m h8wOlsastqY: YouTube said: This video is unavailable.
YheurqQnmkxo_210.000_220.000.wav,[0;31mERROR:[0m heurqQnmkxo: YouTube said: This video is unavailable.
Yjf6evWo-14g_60.000_70.000.wav,[0;31mERROR:[0m jf6evWo-14g: YouTube said: This video is unavailable.
Yk6ZylHjZWF8_80.000_90.000.wav,[0;31mERROR:[0m k6ZylHjZWF8: YouTube said: This video is unavailable.
YkRo04Ti7lbw_280.000_290.000.wav,[0;31mERROR:[0m kRo04Ti7lbw: YouTube said: This video is unavailable.
YkfnSZgZ97YI_60.000_70.000.wav,[0;31mERROR:[0m kfnSZgZ97YI: YouTube said: This video is unavailable.
Yll1cJBnNMMA_160.000_170.000.wav,[0;31mERROR:[0m ll1cJBnNMMA: YouTube said: This video is unavailable.
Ym6QbuXYRE_o_170.000_180.000.wav,[0;31mERROR:[0m m6QbuXYRE_o: YouTube said: This video is unavailable.
Ym799euMRBt8_50.000_60.000.wav,[0;31mERROR:[0m m799euMRBt8: YouTube said: This video is unavailable.
YmaXS_ieRo9I_260.000_270.000.wav,[0;31mERROR:[0m maXS_ieRo9I: YouTube said: This video is unavailable.
YmiJTivFNKDs_110.000_120.000.wav,[0;31mERROR:[0m miJTivFNKDs: YouTube said: This video has been removed for violating YouTube's Community Guidelines.
Ymt1mQRKs71M_150.000_160.000.wav,[0;31mERROR:[0m mt1mQRKs71M: YouTube said: This video is unavailable.
Ymy0htSeQLBA_230.000_240.000.wav,[0;31mERROR:[0m my0htSeQLBA: YouTube said: This video is unavailable.
YnN34pxpjc3k_0.000_10.000.wav,[0;31mERROR:[0m nN34pxpjc3k: YouTube said: This video is unavailable.
YnWvBFbFPPig_330.000_340.000.wav,[0;31mERROR:[0m nWvBFbFPPig: YouTube said: This video is unavailable.
YoCbBWSxuqvY_100.000_110.000.wav,[0;31mERROR:[0m oCbBWSxuqvY: YouTube said: This video has been removed for violating YouTube's Community Guidelines.
YoTlLlfP9uak_20.000_30.000.wav,[0;31mERROR:[0m oTlLlfP9uak: YouTube said: This video is unavailable.
YoaDhfTpzPto_250.000_260.000.wav,[0;31mERROR:[0m oaDhfTpzPto: YouTube said: This video is unavailable.
YonU7ZH-_xww_70.000_80.000.wav,[0;31mERROR:[0m onU7ZH-_xww: YouTube said: This video is no longer available because the YouTube account associated with this video has been terminated.
YpBEK2g9Z1hs_170.000_180.000.wav,[0;31mERROR:[0m pBEK2g9Z1hs: YouTube said: This video is unavailable.
YpkKEvCFQY2U_50.000_60.000.wav,[0;31mERROR:[0m pkKEvCFQY2U: YouTube said: This video is unavailable.
Ypo6WnmmZ-os_280.000_290.000.wav,[0;31mERROR:[0m po6WnmmZ-os: YouTube said: This video is unavailable.
YrNrfo9qCZZg_40.000_50.000.wav,[0;31mERROR:[0m rNrfo9qCZZg: YouTube said: This video is no longer available because the YouTube account associated with this video has been terminated.
YriqVY8IoMxA_20.000_30.000.wav,[0;31mERROR:[0m riqVY8IoMxA: YouTube said: This video is unavailable.
YrmDGCCpPlJg_290.000_300.000.wav,[0;31mERROR:[0m rmDGCCpPlJg: YouTube said: This video is unavailable.
YrzhQzi2wTPo_30.000_40.000.wav,[0;31mERROR:[0m rzhQzi2wTPo: YouTube said: This video is unavailable.
YsQ2wj5sbCcQ_80.000_90.000.wav,[0;31mERROR:[0m sQ2wj5sbCcQ: YouTube said: This video is unavailable.
YthBPQGmYQY4_70.000_80.000.wav,[0;31mERROR:[0m thBPQGmYQY4: YouTube said: This video is unavailable.
YtkQLQkSVSAQ_30.000_40.000.wav,[0;31mERROR:[0m tkQLQkSVSAQ: YouTube said: This video is unavailable.
YtsC1Bfl2lro_160.000_170.000.wav,[0;31mERROR:[0m tsC1Bfl2lro: YouTube said: This video is unavailable.
Yu2CIDlvSDus_10.000_20.000.wav,[0;31mERROR:[0m u2CIDlvSDus: YouTube said: This video is unavailable.
Yu_Mrqpz38fs_180.000_190.000.wav,[0;31mERROR:[0m u_Mrqpz38fs: YouTube said: This video is unavailable.
YufjHH29ywkU_230.000_240.000.wav,[0;31mERROR:[0m ufjHH29ywkU: YouTube said: This video contains content from TeamEpiphanyVlogs. It is not available in your country.
YusOYJtWiGHQ_140.000_150.000.wav,[0;31mERROR:[0m usOYJtWiGHQ: YouTube said: This video is unavailable.
Yvkd7mQkMtmw_180.000_190.000.wav,[0;31mERROR:[0m vkd7mQkMtmw: YouTube said: This video is unavailable.
YwuQxV6OKHkQ_30.000_40.000.wav,[0;31mERROR:[0m wuQxV6OKHkQ: YouTube said: This video is unavailable.
YyeQa4pbf39E_50.000_60.000.wav,[0;31mERROR:[0m yeQa4pbf39E: YouTube said: This video is unavailable.
YztX7y7DaN9w_50.000_60.000.wav,[0;31mERROR:[0m ztX7y7DaN9w: YouTube said: This video is no longer available because the YouTube account associated with this video has been terminated.
Y03_EjvuUSg0_20.000_30.000.wav,[0;31mERROR:[0m 03_EjvuUSg0: YouTube said: This video is unavailable.
Y1DZgjQAu4y0_520.000_530.000.wav,[0;31mERROR:[0m 1DZgjQAu4y0: YouTube said: This video is unavailable.
Y9vH7ZzOl21I_80.000_90.000.wav,[0;31mERROR:[0m 9vH7ZzOl21I: YouTube said: This video has been removed for violating YouTube's policy on harassment and bullying.
YCKvNZYH_PuM_220.000_230.000.wav,[0;31mERROR:[0m CKvNZYH_PuM: YouTube said: This video is unavailable.
YE7n5Z8F4IUk_30.000_40.000.wav,[0;31mERROR:[0m E7n5Z8F4IUk: YouTube said: This video is unavailable.
YEOrjh159gTM_30.000_40.000.wav,[0;31mERROR:[0m EOrjh159gTM: YouTube said: This video is unavailable.
YF9tG0CKmLkw_0.000_10.000.wav,[0;31mERROR:[0m F9tG0CKmLkw: YouTube said: This video has been removed for violating YouTube's policy on harmful or dangerous content.
YFGONwHb-PJs_30.000_40.000.wav,[0;31mERROR:[0m FGONwHb-PJs: YouTube said: This video is unavailable.
YHcjJtccVsiY_60.000_70.000.wav,[0;31mERROR:[0m HcjJtccVsiY: YouTube said: This video contains content from Woutneyn. It is not available in your country.
YILkRZImaiw4_60.000_70.000.wav,[0;31mERROR:[0m ILkRZImaiw4: YouTube said: This video is unavailable.
YL_wTeM2LLvQ_70.000_80.000.wav,[0;31mERROR:[0m L_wTeM2LLvQ: YouTube said: This video is unavailable.
YLysX0A_RHBg_40.000_50.000.wav,[0;31mERROR:[0m LysX0A_RHBg: YouTube said: This video is unavailable.
YMK6LoINp3-Y_80.000_90.000.wav,[0;31mERROR:[0m MK6LoINp3-Y: YouTube said: This video is unavailable.
YODX6BCHW1LA_40.000_50.000.wav,[0;31mERROR:[0m ODX6BCHW1LA: YouTube said: This video is unavailable.
YPW0TbGAqQZ4_440.000_450.000.wav,[0;31mERROR:[0m PW0TbGAqQZ4: YouTube said: This video is unavailable.
YQWQD9PJVnig_30.000_40.000.wav,[0;31mERROR:[0m QWQD9PJVnig: YouTube said: This video is no longer available because the uploader has closed their YouTube account.
YS0h6nirtmmk_60.000_70.000.wav,[0;31mERROR:[0m S0h6nirtmmk: YouTube said: This video is unavailable.
YUUJ8-TavZ8Q_30.000_40.000.wav,[0;31mERROR:[0m UUJ8-TavZ8Q: YouTube said: This video is unavailable.
YUl0q-oDufkQ_110.000_120.000.wav,[0;31mERROR:[0m Ul0q-oDufkQ: YouTube said: This video is unavailable.
YWLMfon5JxOM_50.000_60.000.wav,[0;31mERROR:[0m WLMfon5JxOM: YouTube said: This video is unavailable.
YXNJZYEdS_RA_140.000_150.000.wav,[0;31mERROR:[0m XNJZYEdS_RA: YouTube said: This video is unavailable.
YawUZSNOlP9o_180.000_190.000.wav,[0;31mERROR:[0m awUZSNOlP9o: YouTube said: This video is unavailable.
Yax3D_JVKf6k_50.000_60.000.wav,[0;31mERROR:[0m ax3D_JVKf6k: YouTube said: This video is unavailable.
YbFjE_s6B3M8_20.000_30.000.wav,[0;31mERROR:[0m bFjE_s6B3M8: YouTube said: This video is unavailable.
YdYk4yglnJAo_170.000_180.000.wav,[0;31mERROR:[0m dYk4yglnJAo: YouTube said: This video is unavailable.
YeMc70AWBB0Y_40.000_50.000.wav,[0;31mERROR:[0m eMc70AWBB0Y: YouTube said: This video is no longer available because the YouTube account associated with this video has been terminated.
Ye_5x309zT0k_30.000_40.000.wav,[0;31mERROR:[0m e_5x309zT0k: YouTube said: This video is unavailable.
Yg_SRrPcqp3Y_120.000_130.000.wav,[0;31mERROR:[0m g_SRrPcqp3Y: YouTube said: This video has been removed by the user.
Yg_jomcJ4yCU_60.000_70.000.wav,[0;31mERROR:[0m g_jomcJ4yCU: YouTube said: This video is no longer available because the YouTube account associated with this video has been terminated.
YhUtqYYy5h2c_10.000_20.000.wav,[0;31mERROR:[0m hUtqYYy5h2c: YouTube said: This video is unavailable.
YhebxceyrcC0_110.000_120.000.wav,[0;31mERROR:[0m hebxceyrcC0: YouTube said: This video is unavailable.
YlGKtcNV4qlw_50.000_60.000.wav,[0;31mERROR:[0m lGKtcNV4qlw: YouTube said: This video is unavailable.
Ymjmw-rFC2Ws_150.000_160.000.wav,[0;31mERROR:[0m mjmw-rFC2Ws: YouTube said: This video is unavailable.
YnndJSKI5LQk_150.000_160.000.wav,[0;31mERROR:[0m nndJSKI5LQk: YouTube said: This video is unavailable.
Yo3LsZGHsY18_30.000_40.000.wav,[0;31mERROR:[0m o3LsZGHsY18: YouTube said: This video is unavailable.
YpX78x5b2UEY_20.000_30.000.wav,[0;31mERROR:[0m pX78x5b2UEY: YouTube said: This video is unavailable.
Yq0dR4rqTB3M_70.000_80.000.wav,[0;31mERROR:[0m q0dR4rqTB3M: YouTube said: This video is unavailable.
Yqmn1TvEg1jU_240.000_250.000.wav,[0;31mERROR:[0m qmn1TvEg1jU: YouTube said: This video has been removed by the user.
Yr5_QPF1qEu0_30.000_40.000.wav,[0;31mERROR:[0m r5_QPF1qEu0: YouTube said: This video is unavailable.
YtE1idU67lnU_100.000_110.000.wav,[0;31mERROR:[0m tE1idU67lnU: YouTube said: This video is unavailable.
YtenpU0vpgwQ_360.000_370.000.wav,[0;31mERROR:[0m tenpU0vpgwQ: YouTube said: This video is unavailable.
Yv0Ze7Mt3j_I_30.000_40.000.wav,[0;31mERROR:[0m v0Ze7Mt3j_I: YouTube said: This video is unavailable.
YxiWMld9HKoc_260.000_270.000.wav,[0;31mERROR:[0m xiWMld9HKoc: YouTube said: This video is unavailable.
YyCLNcOkzx0w_140.000_150.000.wav,[0;31mERROR:[0m yCLNcOkzx0w: YouTube said: This video has been removed by the user.
YzgMBfm5tSSI_190.000_200.000.wav,[0;31mERROR:[0m zgMBfm5tSSI: YouTube said: This video is unavailable.
Y2OcxvW_ihek_190.000_200.000.wav,[0;31mERROR:[0m 2OcxvW_ihek: YouTube said: This video is unavailable.
YKNH0aLDHlQQ_120.000_130.000.wav,"[0;31mERROR:[0m KNH0aLDHlQQ: YouTube said: This video contains content from Endemol USA, who has blocked it on copyright grounds."
YPD5-WcapvAw_200.000_210.000.wav,[0;31mERROR:[0m PD5-WcapvAw: YouTube said: This video is unavailable.
YjRzrNPX3E5A_140.000_150.000.wav,[0;31mERROR:[0m jRzrNPX3E5A: YouTube said: This video is no longer available because the YouTube account associated with this video has been terminated.
YoD8wZVqZCWI_200.000_210.000.wav,[0;31mERROR:[0m oD8wZVqZCWI: YouTube said: This video is no longer available because the YouTube account associated with this video has been terminated.
YqgeDVqoiwFQ_90.000_100.000.wav,[0;31mERROR:[0m qgeDVqoiwFQ: YouTube said: This video is unavailable.
Y1EqSCqmTWvU_160.000_170.000.wav,[0;31mERROR:[0m 1EqSCqmTWvU: YouTube said: This video is unavailable.
Y1i8jvFP4F6g_550.000_560.000.wav,[0;31mERROR:[0m 1i8jvFP4F6g: YouTube said: This video is unavailable.
Y4LrAo8K7NJM_150.000_160.000.wav,[0;31mERROR:[0m 4LrAo8K7NJM: YouTube said: This video is no longer available because the YouTube account associated with this video has been terminated.
Y81mWK3HJqjo_590.000_600.000.wav,[0;31mERROR:[0m 81mWK3HJqjo: YouTube said: This video is unavailable.
Y87iUjQdPnkA_30.000_40.000.wav,[0;31mERROR:[0m 87iUjQdPnkA: YouTube said: This video is unavailable.
YA_JM417jXJA_130.000_140.000.wav,[0;31mERROR:[0m A_JM417jXJA: YouTube said: This video is unavailable.
YDpWoUaQBIHU_0.000_5.000.wav,[0;31mERROR:[0m DpWoUaQBIHU: YouTube said: This video is unavailable.
YPSY837seJQI_10.000_20.000.wav,[0;31mERROR:[0m PSY837seJQI: YouTube said: This video contains content from Muyap. It is not available in your country.
YRYtmm11fJ-o_60.000_70.000.wav,[0;31mERROR:[0m RYtmm11fJ-o: YouTube said: This video is unavailable.
YmWY8RTqpz44_50.000_60.000.wav,[0;31mERROR:[0m mWY8RTqpz44: YouTube said: This video is unavailable.
YoCMuzR1oyJI_0.000_10.000.wav,[0;31mERROR:[0m oCMuzR1oyJI: YouTube said: This video is unavailable.
YqkyT8JwlLA4_30.000_40.000.wav,[0;31mERROR:[0m qkyT8JwlLA4: YouTube said: This video is unavailable.
Yvrolg0TezSk_520.000_530.000.wav,[0;31mERROR:[0m vrolg0TezSk: YouTube said: This video has been removed by the user.
YwO7Hwm4yMe8_10.000_20.000.wav,"[0;31mERROR:[0m wO7Hwm4yMe8: YouTube said: This video contains content from BBC Worldwide, who has blocked it on copyright grounds."
YyEXsUKIYUUw_30.000_40.000.wav,[0;31mERROR:[0m yEXsUKIYUUw: YouTube said: This video is unavailable.
YbXIaFtjHYRw_30.000_40.000.wav,[0;31mERROR:[0m bXIaFtjHYRw: YouTube said: This video is no longer available because the YouTube account associated with this video has been terminated.
YbrL1TFsaEFs_22.000_32.000.wav,[0;31mERROR:[0m brL1TFsaEFs: YouTube said: This video is unavailable.
YcJoZIOI5MG4_30.000_40.000.wav,[0;31mERROR:[0m cJoZIOI5MG4: YouTube said: This video is unavailable.
YcmYrf7yBU8M_50.000_60.000.wav,[0;31mERROR:[0m cmYrf7yBU8M: YouTube said: This video is no longer available because the YouTube account associated with this video has been terminated.
YfCOCl7sFhmw_10.000_20.000.wav,"[0;31mERROR:[0m fCOCl7sFhmw: YouTube said: This video contains content from Victor Entertainment, Inc.. It is not available in your country."
YfXnJgTLtuNQ_0.000_10.000.wav,[0;31mERROR:[0m fXnJgTLtuNQ: YouTube said: This video is unavailable.
YfmvyYzwJXZk_30.000_40.000.wav,[0;31mERROR:[0m fmvyYzwJXZk: YouTube said: This video is no longer available because the uploader has closed their YouTube account.
Yk_jFcZCyiVw_100.000_110.000.wav,[0;31mERROR:[0m k_jFcZCyiVw: YouTube said: This video is unavailable.
YlUu3gBTX03w_20.000_30.000.wav,[0;31mERROR:[0m lUu3gBTX03w: YouTube said: This video is unavailable.
YlnfvPm9QE4U_100.000_110.000.wav,[0;31mERROR:[0m lnfvPm9QE4U: YouTube said: This video is unavailable.
YV1RsW4c3t_A_330.000_340.000.wav,[0;31mERROR:[0m V1RsW4c3t_A: YouTube said: This video has been removed for violating YouTube's policy on nudity or sexual content.
YVXHsj5Xj-ws_80.000_90.000.wav,[0;31mERROR:[0m VXHsj5Xj-ws: YouTube said: This video is unavailable.
YWFUxkCxbbwI_130.000_140.000.wav,"[0;31mERROR:[0m WFUxkCxbbwI: YouTube said: ""jjkn176"" The YouTube account associated with this video has been terminated due to multiple third-party notifications of copyright infringement."
YWb8DydrPMv8_120.000_130.000.wav,[0;31mERROR:[0m Wb8DydrPMv8: YouTube said: This video is unavailable.
YYc79a7WpNQU_60.000_70.000.wav,[0;31mERROR:[0m Yc79a7WpNQU: YouTube said: This video is unavailable.
Y_OPJD8zd9ts_0.000_10.000.wav,[0;31mERROR:[0m _OPJD8zd9ts: YouTube said: This video is unavailable.
Y_YBSeSRddvg_110.000_120.000.wav,"[0;31mERROR:[0m _YBSeSRddvg: YouTube said: This video contains content from Disney, who has blocked it on copyright grounds."
Y_xcNVt1DUIU_60.000_70.000.wav,[0;31mERROR:[0m _xcNVt1DUIU: YouTube said: This video is unavailable.
YaCNBfho9HUU_50.000_60.000.wav,[0;31mERROR:[0m aCNBfho9HUU: YouTube said: This video is unavailable.
